ordre,section,tarif,operande,cle,derniere_periode,derniere_valeur,valeur_2026,evolution,source_PDF
1,Composante de gestion,HTB3,PRX_FR_GST,HTB_FRGST,08.2025,11545.32,11930.88,+3.3%,"HTB CG alpha1 (PDF HTB, 11 930,88)"
2,Composante de gestion,HTB2,PRX_FR_GST,HTB_FRGST,08.2025,11545.32,11930.88,+3.3%,"HTB CG alpha1 (PDF HTB, 11 930,88)"
3,Composante de gestion,HTB1,PRX_FR_GST,HTB_FRGST,08.2025,11545.32,11930.88,+3.3%,"HTB CG alpha1 (PDF HTB, 11 930,88)"
4,Composante de gestion,HTA,PRX_FR_GST,HTA_FRGST,08.2025,499.8,509.75,+2.0%,HTA CG y compris Rf/Ccard utilisateur (PDF HTA-BT)
5,Composante de gestion,Prod,PRX_FR_GST,PRODHTB_FG,08.2025,11545.32,11930.88,+3.3%,MIROIR CG HTB (Prod) - A VERIFIER
6,Composante de gestion,Prod,PRX_FR_GST,PRODHTA_FG,08.2025,499.8,509.75,+2.0%,MIROIR CG HTA (Prod) - A VERIFIER
7,Composante de Comptage,RTE_HTB_Courbe,ZPX_CPT,CPT_RTE_B,08.2025,3800.04,3927.0,+3.3%,"HTB comptage GRD (PDF HTB, 3927,00)"
8,Composante de Comptage,RTE_HTA_Courbe,ZPX_CPT,CPT_RTE_AC,08.2025,376.39,387.84,+3.0%,"HTA comptage mensuel (PDF HTA-BT, 387,84)"
9,Composante de Comptage,Client_HTB_Courbe,ZPX_CPT_PR,CPT_CLI_B,08.2025,682.2,705.0,+3.3%,"HTB comptage utilisateur (PDF HTB, 705,00)"
10,Composante de Comptage,Client_HTA_Courbe,ZPX_CPT_PR,CPT_CLI_AC,08.2025,376.39,387.84,+3.0%,HTA comptage (= ligne 8)
11,Composante de Soutirage PV,HTB3,COEFF_C_S,PX_HTB3EA,08.2025,0.00041,0.0042,+924.4%,"HTB3 CS c=0,42 c€/kWh (PDF HTB) - 08.2025 fichier=0,00041 ERREUR x10"
12,Composante de Soutirage PV,HTB2_CU,COEFF_C1,EAPTE_CUB2,08.2025,0.0119,0.0123,+3.4%,HTB2 CU c (PDF HTB tab3.5)
13,Composante de Soutirage PV,HTB2_CU,COEFF_C2,EAPSH_CUB2,08.2025,0.0107,0.0111,+3.7%,HTB2 CU c (PDF HTB tab3.5)
14,Composante de Soutirage PV,HTB2_CU,COEFF_C3,EACSH_CUB2,08.2025,0.0087,0.009,+3.4%,HTB2 CU c (PDF HTB tab3.5)
15,Composante de Soutirage PV,HTB2_CU,COEFF_C4,EAPSB_CUB2,08.2025,0.0065,0.0067,+3.1%,HTB2 CU c (PDF HTB tab3.5)
16,Composante de Soutirage PV,HTB2_CU,COEFF_C5,EACSB_CUB2,08.2025,0.0052,0.0054,+3.8%,HTB2 CU c (PDF HTB tab3.5)
17,Composante de Soutirage PV,HTB2_MU,COEFF_C1,EAPTE_MUB2,08.2025,0.0098,0.0101,+3.1%,HTB2 MU c (PDF HTB tab3.6)
18,Composante de Soutirage PV,HTB2_MU,COEFF_C2,EAPSH_MUB2,08.2025,0.0092,0.0095,+3.3%,HTB2 MU c (PDF HTB tab3.6)
19,Composante de Soutirage PV,HTB2_MU,COEFF_C3,EACSH_MUB2,08.2025,0.0079,0.0082,+3.8%,HTB2 MU c (PDF HTB tab3.6)
20,Composante de Soutirage PV,HTB2_MU,COEFF_C4,EAPSB_MUB2,08.2025,0.0061,0.0063,+3.3%,HTB2 MU c (PDF HTB tab3.6)
21,Composante de Soutirage PV,HTB2_MU,COEFF_C5,EACSB_MUB2,08.2025,0.0051,0.0053,+3.9%,HTB2 MU c (PDF HTB tab3.6)
22,Composante de Soutirage PV,HTB2_LU,COEFF_C1,EAPTE_LUB2,08.2025,0.0067,0.0069,+3.0%,HTB2 LU c (PDF HTB tab3.7)
23,Composante de Soutirage PV,HTB2_LU,COEFF_C2,EAPSH_LUB2,08.2025,0.0064,0.0066,+3.1%,HTB2 LU c (PDF HTB tab3.7)
24,Composante de Soutirage PV,HTB2_LU,COEFF_C3,EACSH_LUB2,08.2025,0.0059,0.0061,+3.4%,HTB2 LU c (PDF HTB tab3.7)
25,Composante de Soutirage PV,HTB2_LU,COEFF_C4,EAPSB_LUB2,08.2025,0.0052,0.0054,+3.8%,HTB2 LU c (PDF HTB tab3.7)
26,Composante de Soutirage PV,HTB2_LU,COEFF_C5,EACSB_LUB2,08.2025,0.0048,0.005,+4.2%,HTB2 LU c (PDF HTB tab3.7)
27,Composante de Soutirage PV,HTB1_CU,COEFF_C1,EAPTE_CUB1,08.2025,0.0255,0.0264,+3.5%,HTB1 CU c (PDF HTB tab3.8)
28,Composante de Soutirage PV,HTB1_CU,COEFF_C2,EAPSH_CUB1,08.2025,0.0219,0.0226,+3.2%,HTB1 CU c (PDF HTB tab3.8)
29,Composante de Soutirage PV,HTB1_CU,COEFF_C3,EACSH_CUB1,08.2025,0.0166,0.0172,+3.6%,HTB1 CU c (PDF HTB tab3.8)
30,Composante de Soutirage PV,HTB1_CU,COEFF_C4,EAPSB_CUB1,08.2025,0.0102,0.0105,+2.9%,HTB1 CU c (PDF HTB tab3.8)
31,Composante de Soutirage PV,HTB1_CU,COEFF_C5,EACSB_CUB1,08.2025,0.0067,0.0069,+3.0%,HTB1 CU c (PDF HTB tab3.8)
32,Composante de Soutirage PV,HTB1_MU,COEFF_C1,EAPTE_MUB1,08.2025,0.0202,0.0209,+3.5%,HTB1 MU c (PDF HTB tab3.9)
33,Composante de Soutirage PV,HTB1_MU,COEFF_C2,EAPSH_MUB1,08.2025,0.0179,0.0185,+3.4%,HTB1 MU c (PDF HTB tab3.9)
34,Composante de Soutirage PV,HTB1_MU,COEFF_C3,EACSH_MUB1,08.2025,0.0145,0.015,+3.4%,HTB1 MU c (PDF HTB tab3.9)
35,Composante de Soutirage PV,HTB1_MU,COEFF_C4,EAPSB_MUB1,08.2025,0.0093,0.0096,+3.2%,HTB1 MU c (PDF HTB tab3.9)
36,Composante de Soutirage PV,HTB1_MU,COEFF_C5,EACSB_MUB1,08.2025,0.0065,0.0067,+3.1%,HTB1 MU c (PDF HTB tab3.9)
37,Composante de Soutirage PV,HTB1_LU,COEFF_C1,EAPTE_LUB1,08.2025,0.0073,0.0075,+2.7%,HTB1 LU c (PDF HTB tab3.10)
38,Composante de Soutirage PV,HTB1_LU,COEFF_C2,EAPSH_LUB1,08.2025,0.007,0.0072,+2.9%,HTB1 LU c (PDF HTB tab3.10)
39,Composante de Soutirage PV,HTB1_LU,COEFF_C3,EACSH_LUB1,08.2025,0.0063,0.0065,+3.2%,HTB1 LU c (PDF HTB tab3.10)
40,Composante de Soutirage PV,HTB1_LU,COEFF_C4,EAPSB_LUB1,08.2025,0.0057,0.0059,+3.5%,HTB1 LU c (PDF HTB tab3.10)
41,Composante de Soutirage PV,HTB1_LU,COEFF_C5,EACSB_LUB1,08.2025,0.0052,0.0054,+3.8%,HTB1 LU c (PDF HTB tab3.10)
42,Composante de Soutirage PV,HTA_Fixe_CU,COEFF_C1,EAPTE_CUA,08.2025,0.0574,0.0591,+3.0%,HTA pointe fixe courte c (PDF HTA-BT)
43,Composante de Soutirage PV,HTA_Fixe_CU,COEFF_C2,EAHPSH_CUA,08.2025,0.0423,0.0436,+3.1%,HTA pointe fixe courte c (PDF HTA-BT)
44,Composante de Soutirage PV,HTA_Fixe_CU,COEFF_C3,EAHCSH_CUA,08.2025,0.0199,0.0205,+3.0%,HTA pointe fixe courte c (PDF HTA-BT)
45,Composante de Soutirage PV,HTA_Fixe_CU,COEFF_C4,EAHPSB_CUA,08.2025,0.0101,0.0104,+3.0%,HTA pointe fixe courte c (PDF HTA-BT)
46,Composante de Soutirage PV,HTA_Fixe_CU,COEFF_C5,EAHCSB_CUA,08.2025,0.0069,0.0071,+2.9%,HTA pointe fixe courte c (PDF HTA-BT)
47,Composante de Soutirage PV,HTA_Fixe_LU,COEFF_C1,EAPTE_LUA,08.2025,0.0265,0.0273,+3.0%,HTA pointe fixe longue c (PDF HTA-BT)
48,Composante de Soutirage PV,HTA_Fixe_LU,COEFF_C2,EAHPSH_LUA,08.2025,0.021,0.0216,+2.9%,HTA pointe fixe longue c (PDF HTA-BT)
49,Composante de Soutirage PV,HTA_Fixe_LU,COEFF_C3,EAHCSH_LUA,08.2025,0.0147,0.0151,+2.7%,HTA pointe fixe longue c (PDF HTA-BT)
50,Composante de Soutirage PV,HTA_Fixe_LU,COEFF_C4,EAHPSB_LUA,08.2025,0.0092,0.0095,+3.3%,HTA pointe fixe longue c (PDF HTA-BT)
51,Composante de Soutirage PV,HTA_Fixe_LU,COEFF_C5,EAHCSB_LUA,08.2025,0.0068,0.007,+2.9%,HTA pointe fixe longue c (PDF HTA-BT)
52,Composante de Soutirage PV,HTA_Mobile_CU,COEFF_C1,EAPTE_CUAM,08.2025,0.0701,0.0722,+3.0%,HTA pointe mobile courte c (PDF HTA-BT)
53,Composante de Soutirage PV,HTA_Mobile_CU,COEFF_C2,EAHPSHCUAM,08.2025,0.0405,0.0417,+3.0%,HTA pointe mobile courte c (PDF HTA-BT)
54,Composante de Soutirage PV,HTA_Mobile_CU,COEFF_C3,EAHCSH_CUA,08.2025,0.0199,0.0205,+3.0%,HTA pointe mobile courte c (PDF HTA-BT)
55,Composante de Soutirage PV,HTA_Mobile_CU,COEFF_C4,EAHPSB_CUA,08.2025,0.0101,0.0104,+3.0%,HTA pointe mobile courte c (PDF HTA-BT)
56,Composante de Soutirage PV,HTA_Mobile_CU,COEFF_C5,EAHCSB_CUA,08.2025,0.0069,0.0071,+2.9%,HTA pointe mobile courte c (PDF HTA-BT)
57,Composante de Soutirage PV,HTA_Mobile_LU,COEFF_C1,EAPTE_LUAM,08.2025,0.0315,0.0325,+3.2%,HTA pointe mobile longue c (PDF HTA-BT)
58,Composante de Soutirage PV,HTA_Mobile_LU,COEFF_C2,EAHPSHLUAM,08.2025,0.0187,0.0193,+3.2%,HTA pointe mobile longue c (PDF HTA-BT)
59,Composante de Soutirage PV,HTA_Mobile_LU,COEFF_C3,EAHCSH_LUA,08.2025,0.0147,0.0151,+2.7%,HTA pointe mobile longue c (PDF HTA-BT)
60,Composante de Soutirage PV,HTA_Mobile_LU,COEFF_C4,EAHPSB_LUA,08.2025,0.0092,0.0095,+3.3%,HTA pointe mobile longue c (PDF HTA-BT)
61,Composante de Soutirage PV,HTA_Mobile_LU,COEFF_C5,EAHCSB_LUA,08.2025,0.0068,0.007,+2.9%,HTA pointe mobile longue c (PDF HTA-BT)
62,Composante de Soutirage PV,Prod ZPROD_225,ZPX_EA_PRO,PROHTB2_EA,08.2025,0.00037,0.00037,+0.0%,HTB2 injection 37 c€/MWh (PDF HTB tab3.3)
63,Composante de Soutirage PV,Prod ZPROD_400,ZPX_EA_PRO,PROHTB3_EA,08.2025,0.00037,0.00037,+0.0%,HTB3 injection 37 c€/MWh
64,Composante de Soutirage PV,Prod ZPROD_HTA,ZPX_EA_PRO,PRODHTA_EA,08.2025,0.0,0.0,,HTA injection 0 (PDF HTA-BT)
65,Composante de Soutirage PV,Prod ZPROD_HTB,ZPX_EA_PRO,PROHTB1_EA,08.2025,0.0,0.0,,"HTB1 injection 0,00 (PDF HTB)"
66,Composante de Soutirage PV,Secours ZS225_P400,COEFF_C_S,S225P400EA,08.2025,0.0095,0.0098,+3.2%,"Secours HTB3->HTB2 part energie 0,98 c€/kWh (PDF HTB tab3.16)"
67,Composante de Soutirage PV,Secours ZSHTA_P225,COEFF_C_S,SHTAP225EA,08.2025,0.0222,0.0229,+3.2%,"Secours ->HTA part energie 2,29 c€/kWh (PDF HTA-BT)"
68,Composante de Soutirage PV,Secours ZSHTA_P400,COEFF_C_S,SHTAP400EA,08.2025,0.0222,0.0229,+3.2%,"Secours ->HTA part energie 2,29 c€/kWh (PDF HTA-BT)"
69,Composante de Soutirage PV,Secours ZSHTA_PHTB,COEFF_C_S,SHTAPHTBEA,08.2025,0.0222,0.0229,+3.2%,"Secours ->HTA part energie 2,29 c€/kWh (PDF HTA-BT)"
70,Composante de Soutirage PV,Secours ZSHTB_P225,COEFF_C_S,SHTBP225EA,08.2025,0.0161,0.0166,+3.1%,"Secours ->HTB1 part energie 1,66 c€/kWh (PDF HTB tab3.16)"
71,Composante de Soutirage PV,Secours ZSHTB_P400,COEFF_C_S,SHTBP400EA,08.2025,0.0161,0.0166,+3.1%,"Secours ->HTB1 part energie 1,66 c€/kWh (PDF HTB tab3.16)"
72,Composante de Soutirage PF,HTB2_CU,ZCOEF_B1,,08.2025,3.48,3.6,+3.4%,HTB2 CU b (PDF HTB tab3.5)
73,Composante de Soutirage PF,HTB2_CU,ZCOEF_B2,,08.2025,3.48,3.6,+3.4%,HTB2 CU b (PDF HTB tab3.5)
74,Composante de Soutirage PF,HTB2_CU,ZCOEF_B3,,08.2025,3.48,3.6,+3.4%,HTB2 CU b (PDF HTB tab3.5)
75,Composante de Soutirage PF,HTB2_CU,ZCOEF_B4,ok,08.2025,3.48,3.6,+3.4%,HTB2 CU b (PDF HTB tab3.5)
76,Composante de Soutirage PF,HTB2_CU,ZCOEF_B5,,08.2025,3.48,3.6,+3.4%,HTB2 CU b (PDF HTB tab3.5)
77,Composante de Soutirage PF,HTB2_MU,ZCOEF_B1,,08.2025,4.32,4.44,+2.8%,HTB2 MU b (PDF HTB tab3.6)
78,Composante de Soutirage PF,HTB2_MU,ZCOEF_B2,,08.2025,4.2,4.32,+2.9%,HTB2 MU b (PDF HTB tab3.6)
79,Composante de Soutirage PF,HTB2_MU,ZCOEF_B3,,08.2025,3.84,3.96,+3.1%,HTB2 MU b (PDF HTB tab3.6)
80,Composante de Soutirage PF,HTB2_MU,ZCOEF_B4,ok,08.2025,3.6,3.72,+3.3%,HTB2 MU b (PDF HTB tab3.6)
81,Composante de Soutirage PF,HTB2_MU,ZCOEF_B5,,08.2025,3.48,3.6,+3.4%,HTB2 MU b (PDF HTB tab3.6)
82,Composante de Soutirage PF,HTB2_LU,ZCOEF_B1,,08.2025,11.28,11.64,+3.2%,HTB2 LU b (PDF HTB tab3.7)
83,Composante de Soutirage PF,HTB2_LU,ZCOEF_B2,,08.2025,10.68,11.04,+3.4%,HTB2 LU b (PDF HTB tab3.7)
84,Composante de Soutirage PF,HTB2_LU,ZCOEF_B3,,08.2025,7.92,8.16,+3.0%,HTB2 LU b (PDF HTB tab3.7)
85,Composante de Soutirage PF,HTB2_LU,ZCOEF_B4,ok,08.2025,5.4,5.64,+4.4%,HTB2 LU b (PDF HTB tab3.7)
86,Composante de Soutirage PF,HTB2_LU,ZCOEF_B5,,08.2025,4.08,4.2,+2.9%,HTB2 LU b (PDF HTB tab3.7)
87,Composante de Soutirage PF,HTB1_CU,ZCOEF_B1,,08.2025,11.76,12.12,+3.1%,HTB1 CU b (PDF HTB tab3.8)
88,Composante de Soutirage PF,HTB1_CU,ZCOEF_B2,,08.2025,11.76,12.12,+3.1%,HTB1 CU b (PDF HTB tab3.8)
89,Composante de Soutirage PF,HTB1_CU,ZCOEF_B3,,08.2025,11.76,12.12,+3.1%,HTB1 CU b (PDF HTB tab3.8)
90,Composante de Soutirage PF,HTB1_CU,ZCOEF_B4,ok,08.2025,11.76,12.12,+3.1%,HTB1 CU b (PDF HTB tab3.8)
91,Composante de Soutirage PF,HTB1_CU,ZCOEF_B5,,08.2025,11.76,12.12,+3.1%,HTB1 CU b (PDF HTB tab3.8)
92,Composante de Soutirage PF,HTB1_MU,ZCOEF_B1,,08.2025,13.44,13.92,+3.6%,HTB1 MU b (PDF HTB tab3.9)
93,Composante de Soutirage PF,HTB1_MU,ZCOEF_B2,,08.2025,13.2,13.68,+3.6%,HTB1 MU b (PDF HTB tab3.9)
94,Composante de Soutirage PF,HTB1_MU,ZCOEF_B3,,08.2025,12.48,12.84,+2.9%,HTB1 MU b (PDF HTB tab3.9)
95,Composante de Soutirage PF,HTB1_MU,ZCOEF_B4,ok,08.2025,12.12,12.48,+3.0%,HTB1 MU b (PDF HTB tab3.9)
96,Composante de Soutirage PF,HTB1_MU,ZCOEF_B5,,08.2025,11.88,12.24,+3.0%,HTB1 MU b (PDF HTB tab3.9)
97,Composante de Soutirage PF,HTB1_LU,ZCOEF_B1,,08.2025,41.64,43.08,+3.5%,HTB1 LU b (PDF HTB tab3.10)
98,Composante de Soutirage PF,HTB1_LU,ZCOEF_B2,,08.2025,39.36,40.68,+3.4%,HTB1 LU b (PDF HTB tab3.10)
99,Composante de Soutirage PF,HTB1_LU,ZCOEF_B3,,08.2025,28.92,29.88,+3.3%,HTB1 LU b (PDF HTB tab3.10)
100,Composante de Soutirage PF,HTB1_LU,ZCOEF_B4,ok,08.2025,19.08,19.68,+3.1%,HTB1 LU b (PDF HTB tab3.10)
101,Composante de Soutirage PF,HTB1_LU,ZCOEF_B5,,08.2025,13.92,14.4,+3.4%,HTB1 LU b (PDF HTB tab3.10)
102,Composante de Soutirage PF,HTA_Fixe_CU,ZCOEF_B1,,08.2025,14.41,14.85,+3.1%,HTA pointe fixe courte b (PDF HTA-BT)
103,Composante de Soutirage PF,HTA_Fixe_CU,ZCOEF_B2,,08.2025,14.41,14.85,+3.1%,HTA pointe fixe courte b (PDF HTA-BT)
104,Composante de Soutirage PF,HTA_Fixe_CU,ZCOEF_B3,,08.2025,14.41,14.85,+3.1%,HTA pointe fixe courte b (PDF HTA-BT)
105,Composante de Soutirage PF,HTA_Fixe_CU,ZCOEF_B4,ok,08.2025,12.55,12.93,+3.0%,HTA pointe fixe courte b (PDF HTA-BT)
106,Composante de Soutirage PF,HTA_Fixe_CU,ZCOEF_B5,,08.2025,11.22,11.56,+3.0%,HTA pointe fixe courte b (PDF HTA-BT)
107,Composante de Soutirage PF,HTA_Fixe_LU,ZCOEF_B1,,08.2025,35.33,36.4,+3.0%,HTA pointe fixe longue b (PDF HTA-BT)
108,Composante de Soutirage PF,HTA_Fixe_LU,ZCOEF_B2,,08.2025,32.3,33.28,+3.0%,HTA pointe fixe longue b (PDF HTA-BT)
109,Composante de Soutirage PF,HTA_Fixe_LU,ZCOEF_B3,,08.2025,20.39,21.01,+3.0%,HTA pointe fixe longue b (PDF HTA-BT)
110,Composante de Soutirage PF,HTA_Fixe_LU,ZCOEF_B4,ok,08.2025,14.33,14.77,+3.1%,HTA pointe fixe longue b (PDF HTA-BT)
111,Composante de Soutirage PF,HTA_Fixe_LU,ZCOEF_B5,,08.2025,11.56,11.91,+3.0%,HTA pointe fixe longue b (PDF HTA-BT)
112,Composante de Soutirage PF,HTA_Mobile_CU,ZCOEF_B1,,08.2025,14.41,14.85,+3.1%,HTA pointe mobile courte b (PDF HTA-BT)
113,Composante de Soutirage PF,HTA_Mobile_CU,ZCOEF_B2,,08.2025,14.41,14.85,+3.1%,HTA pointe mobile courte b (PDF HTA-BT)
114,Composante de Soutirage PF,HTA_Mobile_CU,ZCOEF_B3,,08.2025,14.41,14.85,+3.1%,HTA pointe mobile courte b (PDF HTA-BT)
115,Composante de Soutirage PF,HTA_Mobile_CU,ZCOEF_B4,ok,08.2025,12.55,12.93,+3.0%,HTA pointe mobile courte b (PDF HTA-BT)
116,Composante de Soutirage PF,HTA_Mobile_CU,ZCOEF_B5,,08.2025,11.22,11.56,+3.0%,HTA pointe mobile courte b (PDF HTA-BT)
117,Composante de Soutirage PF,HTA_Mobile_LU,ZCOEF_B1,,08.2025,38.27,39.43,+3.0%,HTA pointe mobile longue b (PDF HTA-BT)
118,Composante de Soutirage PF,HTA_Mobile_LU,ZCOEF_B2,,08.2025,34.3,35.34,+3.0%,HTA pointe mobile longue b (PDF HTA-BT)
119,Composante de Soutirage PF,HTA_Mobile_LU,ZCOEF_B3,,08.2025,20.39,21.01,+3.0%,HTA pointe mobile longue b (PDF HTA-BT)
120,Composante de Soutirage PF,HTA_Mobile_LU,ZCOEF_B4,ok,08.2025,14.33,14.77,+3.1%,HTA pointe mobile longue b (PDF HTA-BT)
121,Composante de Soutirage PF,HTA_Mobile_LU,ZCOEF_B5,,08.2025,11.56,11.91,+3.0%,HTA pointe mobile longue b (PDF HTA-BT)
122,Composante de Soutirage PF,Secours ZS225_P400,ZCOEF_B,,08.2025,9.1,9.4,+3.3%,"Secours HTB3->HTB2 prime fixe 9,40 €/kW/an (PDF HTB tab3.16)"
123,Composante de Soutirage PF,Secours ZSHTA_P225,ZCOEF_B,,08.2025,10.25,10.56,+3.0%,"Secours HTB2->HTA part puissance 10,56 €/kW/an (PDF HTA-BT)"
124,Composante de Soutirage PF,Secours ZSHTA_P400,ZCOEF_B,,08.2025,3.57,3.68,+3.1%,"Secours HTB1->HTA part puissance 3,68 €/kW/an (PDF HTA-BT)"
125,Composante de Soutirage PF,Secours ZSHTA_PHTB,ZCOEF_B,,08.2025,3.57,3.68,+3.1%,"Secours HTB1->HTA part puissance 3,68 €/kW/an (PDF HTA-BT)"
126,Composante de Soutirage PF,Secours ZSHTB_P225,ZCOEF_B,,08.2025,1.95,2.02,+3.6%,"Secours HTB2->HTB1 prime fixe 2,02 €/kW/an (PDF HTB tab3.16)"
127,Composante de Soutirage PF,Secours ZSHTB_P400,ZCOEF_B,,08.2025,6.69,6.91,+3.3%,"Secours HTB3->HTB1 prime fixe 6,91 €/kW/an (PDF HTB tab3.16)"
128,Composante de Soutirage Part fixe à échoir,HTB2_CU,ZCOEF_B1_P,,07.2025,3.48,3.6,+3.4%,"= ligne 72 (part fixe a echoir, effet 01.07)"
129,Composante de Soutirage Part fixe à échoir,HTB2_CU,ZCOEF_B2_P,,07.2025,3.48,3.6,+3.4%,"= ligne 73 (part fixe a echoir, effet 01.07)"
130,Composante de Soutirage Part fixe à échoir,HTB2_CU,ZCOEF_B3_P,,07.2025,3.48,3.6,+3.4%,"= ligne 74 (part fixe a echoir, effet 01.07)"
131,Composante de Soutirage Part fixe à échoir,HTB2_CU,ZCOEF_B4_P,,07.2025,3.48,3.6,+3.4%,"= ligne 75 (part fixe a echoir, effet 01.07)"
132,Composante de Soutirage Part fixe à échoir,HTB2_CU,ZCOEF_B5_P,,07.2025,3.48,3.6,+3.4%,"= ligne 76 (part fixe a echoir, effet 01.07)"
133,Composante de Soutirage Part fixe à échoir,HTB2_MU,ZCOEF_B1_P,,07.2025,4.32,4.44,+2.8%,"= ligne 77 (part fixe a echoir, effet 01.07)"
134,Composante de Soutirage Part fixe à échoir,HTB2_MU,ZCOEF_B2_P,,07.2025,4.2,4.32,+2.9%,"= ligne 78 (part fixe a echoir, effet 01.07)"
135,Composante de Soutirage Part fixe à échoir,HTB2_MU,ZCOEF_B3_P,,07.2025,3.84,3.96,+3.1%,"= ligne 79 (part fixe a echoir, effet 01.07)"
136,Composante de Soutirage Part fixe à échoir,HTB2_MU,ZCOEF_B4_P,,07.2025,3.6,3.72,+3.3%,"= ligne 80 (part fixe a echoir, effet 01.07)"
137,Composante de Soutirage Part fixe à échoir,HTB2_MU,ZCOEF_B5_P,,07.2025,3.48,3.6,+3.4%,"= ligne 81 (part fixe a echoir, effet 01.07)"
138,Composante de Soutirage Part fixe à échoir,HTB2_LU,ZCOEF_B1_P,,07.2025,11.28,11.64,+3.2%,"= ligne 82 (part fixe a echoir, effet 01.07)"
139,Composante de Soutirage Part fixe à échoir,HTB2_LU,ZCOEF_B2_P,,07.2025,10.68,11.04,+3.4%,"= ligne 83 (part fixe a echoir, effet 01.07)"
140,Composante de Soutirage Part fixe à échoir,HTB2_LU,ZCOEF_B3_P,,07.2025,7.92,8.16,+3.0%,"= ligne 84 (part fixe a echoir, effet 01.07)"
141,Composante de Soutirage Part fixe à échoir,HTB2_LU,ZCOEF_B4_P,,07.2025,5.4,5.64,+4.4%,"= ligne 85 (part fixe a echoir, effet 01.07)"
142,Composante de Soutirage Part fixe à échoir,HTB2_LU,ZCOEF_B5_P,,07.2025,4.08,4.2,+2.9%,"= ligne 86 (part fixe a echoir, effet 01.07)"
143,Composante de Soutirage Part fixe à échoir,HTB1_CU,ZCOEF_B1_P,,07.2025,11.76,12.12,+3.1%,"= ligne 87 (part fixe a echoir, effet 01.07)"
144,Composante de Soutirage Part fixe à échoir,HTB1_CU,ZCOEF_B2_P,,07.2025,11.76,12.12,+3.1%,"= ligne 88 (part fixe a echoir, effet 01.07)"
145,Composante de Soutirage Part fixe à échoir,HTB1_CU,ZCOEF_B3_P,,07.2025,11.76,12.12,+3.1%,"= ligne 89 (part fixe a echoir, effet 01.07)"
146,Composante de Soutirage Part fixe à échoir,HTB1_CU,ZCOEF_B4_P,,07.2025,11.76,12.12,+3.1%,"= ligne 90 (part fixe a echoir, effet 01.07)"
147,Composante de Soutirage Part fixe à échoir,HTB1_CU,ZCOEF_B5_P,,07.2025,11.76,12.12,+3.1%,"= ligne 91 (part fixe a echoir, effet 01.07)"
148,Composante de Soutirage Part fixe à échoir,HTB1_MU,ZCOEF_B1_P,,07.2025,13.44,13.92,+3.6%,"= ligne 92 (part fixe a echoir, effet 01.07)"
149,Composante de Soutirage Part fixe à échoir,HTB1_MU,ZCOEF_B2_P,,07.2025,13.2,13.68,+3.6%,"= ligne 93 (part fixe a echoir, effet 01.07)"
150,Composante de Soutirage Part fixe à échoir,HTB1_MU,ZCOEF_B3_P,,07.2025,12.48,12.84,+2.9%,"= ligne 94 (part fixe a echoir, effet 01.07)"
151,Composante de Soutirage Part fixe à échoir,HTB1_MU,ZCOEF_B4_P,,07.2025,12.12,12.48,+3.0%,"= ligne 95 (part fixe a echoir, effet 01.07)"
152,Composante de Soutirage Part fixe à échoir,HTB1_MU,ZCOEF_B5_P,,07.2025,11.88,12.24,+3.0%,"= ligne 96 (part fixe a echoir, effet 01.07)"
153,Composante de Soutirage Part fixe à échoir,HTB1_LU,ZCOEF_B1_P,,07.2025,41.64,43.08,+3.5%,"= ligne 97 (part fixe a echoir, effet 01.07)"
154,Composante de Soutirage Part fixe à échoir,HTB1_LU,ZCOEF_B2_P,,07.2025,39.36,40.68,+3.4%,"= ligne 98 (part fixe a echoir, effet 01.07)"
155,Composante de Soutirage Part fixe à échoir,HTB1_LU,ZCOEF_B3_P,,07.2025,28.92,29.88,+3.3%,"= ligne 99 (part fixe a echoir, effet 01.07)"
156,Composante de Soutirage Part fixe à échoir,HTB1_LU,ZCOEF_B4_P,,07.2025,19.08,19.68,+3.1%,"= ligne 100 (part fixe a echoir, effet 01.07)"
157,Composante de Soutirage Part fixe à échoir,HTB1_LU,ZCOEF_B5_P,,07.2025,13.92,14.4,+3.4%,"= ligne 101 (part fixe a echoir, effet 01.07)"
158,Composante de Soutirage Part fixe à échoir,HTA_Fixe_CU,ZCOEF_B1_P,,07.2025,14.41,14.85,+3.1%,"= ligne 102 (part fixe a echoir, effet 01.07)"
159,Composante de Soutirage Part fixe à échoir,HTA_Fixe_CU,ZCOEF_B2_P,,07.2025,14.41,14.85,+3.1%,"= ligne 103 (part fixe a echoir, effet 01.07)"
160,Composante de Soutirage Part fixe à échoir,HTA_Fixe_CU,ZCOEF_B3_P,,07.2025,14.41,14.85,+3.1%,"= ligne 104 (part fixe a echoir, effet 01.07)"
161,Composante de Soutirage Part fixe à échoir,HTA_Fixe_CU,ZCOEF_B4_P,,07.2025,12.55,12.93,+3.0%,"= ligne 105 (part fixe a echoir, effet 01.07)"
162,Composante de Soutirage Part fixe à échoir,HTA_Fixe_CU,ZCOEF_B5_P,,07.2025,11.22,11.56,+3.0%,"= ligne 106 (part fixe a echoir, effet 01.07)"
163,Composante de Soutirage Part fixe à échoir,HTA_Fixe_LU,ZCOEF_B1_P,,07.2025,35.33,36.4,+3.0%,"= ligne 107 (part fixe a echoir, effet 01.07)"
164,Composante de Soutirage Part fixe à échoir,HTA_Fixe_LU,ZCOEF_B2_P,,07.2025,32.3,33.28,+3.0%,"= ligne 108 (part fixe a echoir, effet 01.07)"
165,Composante de Soutirage Part fixe à échoir,HTA_Fixe_LU,ZCOEF_B3_P,,07.2025,20.39,21.01,+3.0%,"= ligne 109 (part fixe a echoir, effet 01.07)"
166,Composante de Soutirage Part fixe à échoir,HTA_Fixe_LU,ZCOEF_B4_P,,07.2025,14.33,14.77,+3.1%,"= ligne 110 (part fixe a echoir, effet 01.07)"
167,Composante de Soutirage Part fixe à échoir,HTA_Fixe_LU,ZCOEF_B5_P,,07.2025,11.56,11.91,+3.0%,"= ligne 111 (part fixe a echoir, effet 01.07)"
168,Composante de Soutirage Part fixe à échoir,HTA_Mobile_CU,ZCOEF_B1_P,,07.2025,14.41,14.85,+3.1%,"= ligne 112 (part fixe a echoir, effet 01.07)"
169,Composante de Soutirage Part fixe à échoir,HTA_Mobile_CU,ZCOEF_B2_P,,07.2025,14.41,14.85,+3.1%,"= ligne 113 (part fixe a echoir, effet 01.07)"
170,Composante de Soutirage Part fixe à échoir,HTA_Mobile_CU,ZCOEF_B3_P,,07.2025,14.41,14.85,+3.1%,"= ligne 114 (part fixe a echoir, effet 01.07)"
171,Composante de Soutirage Part fixe à échoir,HTA_Mobile_CU,ZCOEF_B4_P,,07.2025,12.55,12.93,+3.0%,"= ligne 115 (part fixe a echoir, effet 01.07)"
172,Composante de Soutirage Part fixe à échoir,HTA_Mobile_CU,ZCOEF_B5_P,,07.2025,11.22,11.56,+3.0%,"= ligne 116 (part fixe a echoir, effet 01.07)"
173,Composante de Soutirage Part fixe à échoir,HTA_Mobile_LU,ZCOEF_B1_P,,07.2025,38.27,39.43,+3.0%,"= ligne 117 (part fixe a echoir, effet 01.07)"
174,Composante de Soutirage Part fixe à échoir,HTA_Mobile_LU,ZCOEF_B2_P,,07.2025,34.3,35.34,+3.0%,"= ligne 118 (part fixe a echoir, effet 01.07)"
175,Composante de Soutirage Part fixe à échoir,HTA_Mobile_LU,ZCOEF_B3_P,,07.2025,20.39,21.01,+3.0%,"= ligne 119 (part fixe a echoir, effet 01.07)"
176,Composante de Soutirage Part fixe à échoir,HTA_Mobile_LU,ZCOEF_B4_P,,07.2025,14.33,14.77,+3.1%,"= ligne 120 (part fixe a echoir, effet 01.07)"
177,Composante de Soutirage Part fixe à échoir,HTA_Mobile_LU,ZCOEF_B5_P,,07.2025,11.56,11.91,+3.0%,"= ligne 121 (part fixe a echoir, effet 01.07)"
178,Composante de Soutirage Part fixe à échoir,Secours ZS225_P400,ZCOEF_B_P,,07.2025,9.1,9.4,+3.3%,"= ligne 122 (part fixe a echoir, effet 01.07)"
179,Composante de Soutirage Part fixe à échoir,Secours ZSHTA_P225,ZCOEF_B_P,,07.2025,10.25,10.56,+3.0%,"= ligne 123 (part fixe a echoir, effet 01.07)"
180,Composante de Soutirage Part fixe à échoir,Secours ZSHTA_P400,ZCOEF_B_P,,07.2025,3.57,3.68,+3.1%,"= ligne 124 (part fixe a echoir, effet 01.07)"
181,Composante de Soutirage Part fixe à échoir,Secours ZSHTA_PHTB,ZCOEF_B_P,,07.2025,3.57,3.68,+3.1%,"= ligne 125 (part fixe a echoir, effet 01.07)"
182,Composante de Soutirage Part fixe à échoir,Secours ZSHTB_P225,ZCOEF_B_P,,07.2025,1.95,2.02,+3.6%,"= ligne 126 (part fixe a echoir, effet 01.07)"
183,Composante de Soutirage Part fixe à échoir,Secours ZSHTB_P400,ZCOEF_B_P,,07.2025,6.69,6.91,+3.3%,"= ligne 127 (part fixe a echoir, effet 01.07)"
184,Dépassement puissance,HTB2,ZPX_DPALPH,HTB_DP_C,08.2025,0.04,,,(vide - non saisi)
185,Dépassement puissance,HTB1,ZPX_DPALPH,HTB_DP_C,08.2025,0.04,,,(vide - non saisi)
186,Dépassement puissance,HTA,ZPX_DPALPH,HTA_DP_C,08.2025,0.04,,,(vide - non saisi)
187,Dépassement puissance,Secours ZS225_P400,ZPX_DP_1PS,SEC225_DP,08.2025,0.3854,0.3983,+3.3%,"Secours HTB3->HTB2 alpha 39,83 c€/kW (PDF HTB tab3.16)"
188,Dépassement puissance,Secours ZSHTA_P225,ZPX_DP_1PS,SECHTA_DP2,08.2025,0.8226,0.8476,+3.0%,"Secours HTB2->HTA alpha 84,76 c€/kW (PDF HTA-BT)"
189,Dépassement puissance,Secours ZSHTA_P400,ZPX_DP_1PS,SECHTA_DP,08.2025,0.2921,0.301,+3.0%,"Secours HTB1->HTA alpha 30,10 c€/kW (PDF HTA-BT)"
190,Dépassement puissance,Secours ZSHTA_PHTB,ZPX_DP_1PS,SECHTA_DP,08.2025,0.2921,0.301,+3.0%,"Secours HTB1->HTA alpha 30,10 c€/kW (PDF HTA-BT)"
191,Dépassement puissance,Secours ZSHTB_P225,ZPX_DP_1PS,SECTB1_DP,08.2025,0.0857,0.0886,+3.4%,"Secours HTB2->HTB1 alpha 8,86 c€/kW (PDF HTB tab3.16)"
192,Dépassement puissance,Secours ZSHTB_P400,ZPX_DP_1PS,SECHTB_DP,08.2025,0.2854,0.2949,+3.3%,"Secours HTB3->HTB1 alpha 29,49 c€/kW (PDF HTB tab3.16)"
193,Composante regroupement,HTB3_HTB3,ZPX_REG_AE,REG_HTB3,08.2025,0.0713,0.0737,+3.4%,"HTB3 regroupement 7,37 c€ (PDF HTB)"
194,Composante regroupement,HTB3_HTB3,ZPX_REG_SO,REG_HTB3,08.2025,0.0713,0.0737,+3.4%,HTB3 regroupement (= ligne 193)
195,Composante regroupement,HTB2_HTB2,ZPX_REG_AE,REG_225AER,08.2025,0.1856,0.1918,+3.3%,"HTB2 aerien 19,18 c€"
196,Composante regroupement,HTB2_HTB2,ZPX_REG_SO,REG_225SOU,08.2025,0.7135,0.7373,+3.3%,"HTB2 souterrain 73,73 c€"
197,Composante regroupement,HTB1_HTB1,ZPX_REG_AE,REG_HTBAER,08.2025,0.942,0.9735,+3.3%,"HTB1 aerien 97,35 c€"
198,Composante regroupement,HTB1_HTB1,ZPX_REG_SO,REG_HTBSOU,08.2025,1.6557,1.711,+3.3%,"HTB1 souterrain 171,10 c€"
199,Composante regroupement,HTA2_HTB1,ZPX_REG_AE,REG_HTBAER,08.2025,0.942,0.9735,+3.3%,HTA2->HTB1 aerien (= ligne 197)
200,Composante regroupement,HTA2_HTB1,ZPX_REG_SO,REG_HTBSOU,08.2025,1.6557,1.711,+3.3%,HTA2->HTB1 souterrain (= ligne 198)
201,Composante regroupement,HTA1_HTA,ZPX_REG_AE,REG_HTAAER,08.2025,0.63,0.65,+3.2%,"HTA aerien 0,65 €/kW/km/an (PDF HTA-BT)"
202,Composante regroupement,HTA1_HTA,ZPX_REG_SO,REG_HTASOU,08.2025,0.92,0.95,+3.3%,"HTA souterrain 0,95 €/kW/km/an"
203,CACS,HTB3,ZPX_C_CAC,PX_HTB3CEL,08.2025,131279.04,135663.76,+3.3%,HTB3 cellule (PDF HTB tab3.14)
204,CACS,HTB3,ZP_AE_CAC,PX_HTB3AER,08.2025,12443.95,12859.58,+3.3%,HTB3 liaison
205,CACS,HTB3,ZP_SO_CAC,PX_HTB3AER,08.2025,12443.95,12859.58,+3.3%,HTB3 liaison (= ligne 204)
206,CACS,HTB2,ZPX_C_CAC,PX_HTB2CEL,08.2025,79172.1,81816.45,+3.3%,HTB2 cellule
207,CACS,HTB2,ZP_AE_CAC,PX_HTB2AER,08.2025,7933.41,8198.39,+3.3%,HTB2 liaison aerienne
208,CACS,HTB2,ZP_SO_CAC,PX_HTB2SOU,08.2025,39665.6,40990.43,+3.3%,HTB2 liaison souterraine
209,CACS,HTB1,ZPX_C_CAC,PX_HTB1CEL,08.2025,41123.6,42497.13,+3.3%,HTB1 cellule
210,CACS,HTB1,ZP_AE_CAC,PX_HTB1AER,08.2025,4707.52,4864.75,+3.3%,HTB1 liaison aerienne
211,CACS,HTB1,ZP_SO_CAC,PX_HTB1SOU,08.2025,9415.03,9729.49,+3.3%,HTB1 liaison souterraine
212,CACS,HTA,ZPX_C_CAC,PX_HTA_CEL,08.2025,4045.96,4169.01,+3.0%,HTA cellule (PDF HTA-BT)
213,CACS,HTA,ZP_AE_CAC,PX_HTA_AER,08.2025,1103.68,1137.25,+3.0%,HTA liaison aerienne
214,CACS,HTA,ZP_SO_CAC,PX_HTA_SOU,08.2025,1655.52,1705.87,+3.0%,HTA liaison souterraine
215,CACS,Secours ZS225_P400,ZPX_C_CAC,PX_HTB2_CE,08.2025,79172.1,81816.45,+3.3%,"= ligne 206 (CACS secours, miroir)"
216,CACS,Secours ZS225_P400,ZP_AE_CAC,PX_HTB2_AE,08.2025,7933.41,8198.39,+3.3%,"= ligne 207 (CACS secours, miroir)"
217,CACS,Secours ZS225_P400,ZP_SO_CAC,PX_HTB2_SO,08.2025,39665.6,40990.43,+3.3%,"= ligne 208 (CACS secours, miroir)"
218,CACS,Secours ZSHTA_P225,ZPX_C_CAC,PX_HTA_CEL,08.2025,4045.96,4169.01,+3.0%,"= ligne 212 (CACS secours, miroir)"
219,CACS,Secours ZSHTA_P225,ZP_AE_CAC,PX_HTA_AER,08.2025,1103.68,1137.25,+3.0%,"= ligne 213 (CACS secours, miroir)"
220,CACS,Secours ZSHTA_P225,ZP_SO_CAC,PX_HTA_SOU,08.2025,1655.52,1705.87,+3.0%,"= ligne 214 (CACS secours, miroir)"
221,CACS,Secours ZSHTA_P400,ZPX_C_CAC,PX_HTA_CEL,08.2025,4045.96,4169.01,+3.0%,"= ligne 212 (CACS secours, miroir)"
222,CACS,Secours ZSHTA_P400,ZP_AE_CAC,PX_HTA_AER,08.2025,1103.68,1137.25,+3.0%,"= ligne 213 (CACS secours, miroir)"
223,CACS,Secours ZSHTA_P400,ZP_SO_CAC,PX_HTA_SOU,08.2025,1655.52,1705.87,+3.0%,"= ligne 214 (CACS secours, miroir)"
224,CACS,Secours ZSHTA_PHTB,ZPX_C_CAC,PX_HTA_CEL,08.2025,4045.96,4169.01,+3.0%,"= ligne 212 (CACS secours, miroir)"
225,CACS,Secours ZSHTA_PHTB,ZP_AE_CAC,PX_HTA_AER,08.2025,1103.68,1137.25,+3.0%,"= ligne 213 (CACS secours, miroir)"
226,CACS,Secours ZSHTA_PHTB,ZP_SO_CAC,PX_HTA_SOU,08.2025,1655.52,1705.87,+3.0%,"= ligne 214 (CACS secours, miroir)"
227,CACS,Secours ZSHTB_P225,ZPX_C_CAC,PX_HTB1_CE,08.2025,41123.6,42497.13,+3.3%,"= ligne 209 (CACS secours, miroir)"
228,CACS,Secours ZSHTB_P225,ZP_AE_CAC,PX_HTB1_AE,08.2025,4707.52,4864.75,+3.3%,"= ligne 210 (CACS secours, miroir)"
229,CACS,Secours ZSHTB_P225,ZP_SO_CAC,PX_HTB1_SO,08.2025,9415.03,9729.49,+3.3%,"= ligne 211 (CACS secours, miroir)"
230,CACS,Secours ZSHTB_P400,ZPX_C_CAC,PX_HTB1_CE,08.2025,41123.6,42497.13,+3.3%,"= ligne 209 (CACS secours, miroir)"
231,CACS,Secours ZSHTB_P400,ZP_AE_CAC,PX_HTB1_AE,08.2025,4707.52,4864.75,+3.3%,"= ligne 210 (CACS secours, miroir)"
232,CACS,Secours ZSHTB_P400,ZP_SO_CAC,PX_HTB1_SO,08.2025,9415.03,9729.49,+3.3%,"= ligne 211 (CACS secours, miroir)"
233,Réservation de puissance,HTB2,PRX_RP,PX_HTB2_RP,08.2025,1.9,1.96,+3.2%,HTB2 reservation secours (PDF HTB tab3.15)
234,Réservation de puissance,HTB1,PRX_RP,PX_HTB1_RP,08.2025,3.66,3.78,+3.3%,HTB1 reservation secours
235,Réservation de puissance,HTA,PRX_RP,PX_HTA_RP,08.2025,7.9,8.14,+3.0%,HTA reservation secours (PDF HTA-BT)
236,Composante de transformation,HTB2,ZCOEF_KPON,,08.2025,4.8,4.96,+3.3%,HTB1/HTA2->HTB2 k transformation (PDF HTB)
237,Composante de transformation,HTB1,ZCOEF_KPON,,08.2025,8.48,8.76,+3.3%,HTA1->HTB1 k transformation
238,Composante de transformation,HTA,ZCOEF_KPON,,08.2025,10.54,10.86,+3.0%,BT->HTA k transformation (PDF HTA-BT)
239,Composante de transformation,HTB3,PX_KPON,ZPX_KPON,08.2025,2.23,2.3,+3.1%,HTB2->HTB3 k transformation
240,DPP,HTB2,ZCO_ALPDPP,,08.2025,0.000143,0.000143,+0.0%,DPP HTB2 (PDF HTB tab3.19)
241,DPP,HTB1,ZCO_ALPDPP,,08.2025,9e-05,9e-05,+0.0%,DPP HTB1
242,DER non distributeur,HTB2,ZPRX_DER,DER_HTB2,,,,,(vide - non saisi)
243,DER non distributeur,HTB2,PRX_DERNBT,DERNDIST_B,08.2025,0.01265,0.01307,+3.3%,"DER non distrib absorbee par l'utilisateur 13,07 €/Mvar.h (PDF HTB tab3.20)"
244,DER non distributeur,HTB2,PRX_DERNHT,DERNDIST_H,08.2025,0.0011,0.00114,+3.6%,"DER non distrib fournie par l'utilisateur 1,14 €/Mvar.h (PDF HTB tab3.20)"
246,DER non distributeur,HTB1,ZPRX_DER,DER_HTB1,,,,,(vide - non saisi)
247,DER non distributeur,HTB1,PRX_DERNBT,DERNDIST_B,08.2025,0.01265,0.01307,+3.3%,"DER non distrib absorbee par l'utilisateur 13,07 €/Mvar.h (PDF HTB tab3.20)"
248,DER non distributeur,HTB1,PRX_DERNHT,DERNDIST_H,08.2025,0.0011,0.00114,+3.6%,"DER non distrib fournie par l'utilisateur 1,14 €/Mvar.h (PDF HTB tab3.20)"
250,DER non distributeur,HTA,ZPRX_DER,CCVHTA_DER,08.2025,0.0244,0.0251,+2.9%,"HTA CER soutirage 2,51 c€/kVar.h (PDF HTA-BT)"
251,DER non distributeur,HTB3,ZPRX_DER,DER_HTB3,,,,,(vide - non saisi)
252,DER non distributeur,HTB3,PRX_DERNBT,DERNDIST_B,08.2025,0.01265,0.01307,+3.3%,"DER non distrib absorbee par l'utilisateur 13,07 €/Mvar.h (PDF HTB tab3.20)"
253,DER non distributeur,HTB3,PRX_DERNHT,DERNDIST_H,08.2025,0.0011,0.00114,+3.6%,"DER non distrib fournie par l'utilisateur 1,14 €/Mvar.h (PDF HTB tab3.20)"
255,DER non distributeur,Secours ZS225_P400,ZPRX_DER,SEC225_DER,,,,,(vide - non saisi)
256,DER non distributeur,Secours ZS225_P400,PRX_DERNBT,DERNDIST_B,08.2025,0.01265,0.01307,+3.3%,"DER non distrib absorbee par l'utilisateur 13,07 €/Mvar.h (PDF HTB tab3.20)"
257,DER non distributeur,Secours ZS225_P400,PRX_DERNHT,DERNDIST_H,08.2025,0.0011,0.00114,+3.6%,"DER non distrib fournie par l'utilisateur 1,14 €/Mvar.h (PDF HTB tab3.20)"
259,DER non distributeur,Secours ZSHTA_P225,ZPRX_DER,SECHTA_DER,08.2025,0.0244,0.0251,+2.9%,"= ligne 250 (DER non distributeur HTA secours, miroir)"
260,DER non distributeur,Secours ZSHTA_P400,ZPRX_DER,HTA5_DER,08.2025,0.0244,0.0251,+2.9%,"= ligne 250 (DER non distributeur HTA secours, miroir)"
261,DER non distributeur,Secours ZSHTA_PHTB,ZPRX_DER,SECHTA_DER,08.2025,0.0244,0.0251,+2.9%,"= ligne 250 (DER non distributeur HTA secours, miroir)"
262,DER non distributeur,Secours ZSHTB_P225,ZPRX_DER,SECHTB_DER,,,,,(vide - non saisi)
263,DER non distributeur,Secours ZSHTB_P225,PRX_DERNBT,DERNDIST_B,08.2025,0.01265,0.01307,+3.3%,"DER non distrib absorbee par l'utilisateur 13,07 €/Mvar.h (PDF HTB tab3.20)"
264,DER non distributeur,Secours ZSHTB_P225,PRX_DERNHT,DERNDIST_H,08.2025,0.0011,0.00114,+3.6%,"DER non distrib fournie par l'utilisateur 1,14 €/Mvar.h (PDF HTB tab3.20)"
266,DER non distributeur,Secours ZSHTB_P400,ZPRX_DER,SECHTB_DER,,,,,(vide - non saisi)
267,DER non distributeur,Secours ZSHTB_P400,PRX_DERNBT,DERNDIST_B,08.2025,0.01265,0.01307,+3.3%,"DER non distrib absorbee par l'utilisateur 13,07 €/Mvar.h (PDF HTB tab3.20)"
268,DER non distributeur,Secours ZSHTB_P400,PRX_DERNHT,DERNDIST_H,08.2025,0.0011,0.00114,+3.6%,"DER non distrib fournie par l'utilisateur 1,14 €/Mvar.h (PDF HTB tab3.20)"
270,DER distributeur,HTB2,PRX_DER_BT,DER_DIST_B,08.2025,0.00376,0.00389,+3.5%,"DER dist absorbee 3,89 €/Mvar.h (PDF HTB tab3.21)"
271,DER distributeur,HTB2,ZS_DER_HT,DER_DIST_H,08.2025,0.00214,0.00221,+3.3%,"DER dist fournie 2,21 €/Mvar.h - 08.2025 fichier saut A VERIFIER"
272,DER distributeur,HTB1,PRX_DER_BT,DER_DIST_B,08.2025,0.00376,0.00389,+3.5%,DER dist absorbee HTB1 (= ligne 270)
273,DER distributeur,HTB1,ZS_DER_HT,DER_DIST_H,08.2025,0.00214,0.00221,+3.3%,DER dist fournie HTB1 (= ligne 271)
274,DER distributeur,HTB3,PRX_DER_BT,DER_DIST_B,08.2025,0.00376,0.00389,+3.5%,DER dist absorbee HTB3
275,DER distributeur,HTB3,ZS_DER_HT,DER_DIST_H,08.2025,0.00214,0.00221,+3.3%,DER dist fournie HTB3
276,DER distributeur,Secours ZS225_P400,PRX_DER_BT,DER_DIST_B,08.2025,0.00376,0.00389,+3.5%,"= ligne 270 (DER distributeur secours, miroir)"
277,DER distributeur,Secours ZS225_P400,ZS_DER_HT,DER_DIST_H,08.2025,0.00214,0.00221,+3.3%,"= ligne 271 (DER distributeur secours, miroir)"
278,DER distributeur,Secours ZSHTA_P225,PRX_DER_BT,DER_DIST_B,08.2025,0.00376,0.00389,+3.5%,"= ligne 270 (DER distributeur secours, miroir)"
279,DER distributeur,Secours ZSHTA_P225,ZS_DER_HT,DER_DIST_H,08.2025,0.00214,0.00221,+3.3%,"= ligne 271 (DER distributeur secours, miroir)"
280,DER distributeur,Secours ZSHTA_P400,PRX_DER_BT,DER_DIST_B,08.2025,0.00376,0.00389,+3.5%,"= ligne 270 (DER distributeur secours, miroir)"
281,DER distributeur,Secours ZSHTA_P400,ZS_DER_HT,DER_DIST_H,08.2025,0.00214,0.00221,+3.3%,"= ligne 271 (DER distributeur secours, miroir)"
282,DER distributeur,Secours ZSHTA_PHTB,PRX_DER_BT,DER_DIST_B,08.2025,0.00376,0.00389,+3.5%,"= ligne 270 (DER distributeur secours, miroir)"
283,DER distributeur,Secours ZSHTA_PHTB,ZS_DER_HT,DER_DIST_H,08.2025,0.00214,0.00221,+3.3%,"= ligne 271 (DER distributeur secours, miroir)"
284,DER distributeur,Secours ZSHTB_P225,PRX_DER_BT,DER_DIST_B,08.2025,0.00376,0.00389,+3.5%,"= ligne 270 (DER distributeur secours, miroir)"
285,DER distributeur,Secours ZSHTB_P225,ZS_DER_HT,DER_DIST_H,08.2025,0.00214,0.00221,+3.3%,"= ligne 271 (DER distributeur secours, miroir)"
286,DER distributeur,Secours ZSHTB_P400,PRX_DER_BT,DER_DIST_B,08.2025,0.00376,0.00389,+3.5%,"= ligne 270 (DER distributeur secours, miroir)"
287,DER distributeur,Secours ZSHTB_P400,ZS_DER_HT,DER_DIST_H,08.2025,0.00214,0.00221,+3.3%,"= ligne 271 (DER distributeur secours, miroir)"
